{
  "images" : [
    {
      "filename" : "icons8-shopping-cart-24(@1x) 1.png",
      "idiom" : "universal",
      "scale" : "1x"
    },
    {
      "appearances" : [
        {
          "appearance" : "luminosity",
          "value" : "dark"
        }
      ],
      "filename" : "icons8-shopping-cart-24(@1x).png",
      "idiom" : "universal",
      "scale" : "1x"
    },
    {
      "filename" : "icons8-shopping-cart-48(@2x) 1.png",
      "idiom" : "universal",
      "scale" : "2x"
    },
    {
      "appearances" : [
        {
          "appearance" : "luminosity",
          "value" : "dark"
        }
      ],
      "filename" : "icons8-shopping-cart-48(@2x).png",
      "idiom" : "universal",
      "scale" : "2x"
    },
    {
      "filename" : "icons8-shopping-cart-72(@3x) 1.png",
      "idiom" : "universal",
      "scale" : "3x"
    },
    {
      "appearances" : [
        {
          "appearance" : "luminosity",
          "value" : "dark"
        }
      ],
      "filename" : "icons8-shopping-cart-72(@3x).png",
      "idiom" : "universal",
      "scale" : "3x"
    }
  ],
  "info" : {
    "author" : "xcode",
    "version" : 1
  },
  "properties" : {
    "template-rendering-intent" : "template"
  }
}
